Time,Pop 1 Male,Pop 2 Male,Pop 3 Male,Pop 4 Male,Pop 1 Female,Pop 2 Female,Pop 3 Female,Pop 4 Female,Male Unemp,Female Unemp,GDP,Total Pop,GDP per capita,Female Employment to Population,Male Employment to Population,Health Expenditure per capita,Physicians per capita,Pupil to Teacher Ratio
1980,135965,285265,74331,47228,129307,279654,86679,74754,,,8901502.06,1113183,9596.729443,,,,,18.29814911
1985,134532,300397,81912,48621,128196,293253,92642,78451,0.176116472,0.057520151,10136233.62,1158005,10536.96306,,,,,17.58395004
1990,133790,312866,87464,54068,127591,304312,95130,86956,0.128515607,0.073386721,18904669.5,1202176,18954.8293,,,,2.120866019,17.11474037
1995,132592,325829,89371,61513,126214,316532,95787,95405,0.103499253,0.069131225,25839440.47,1243243,24937.8128,,,31.87718927,,16.49805069
2000,128288,332350,99017,68144,121884,323234,105502,101646,0.116712716,0.089456333,27585577.27,1280065,25768.95825,,,41.9398023,2.631514194,15.90643978
2005,123423,338436,109555,76217,117354,327866,116070,109678,0.12663127,0.077723418,37574855.32,1318598,33935.57831,,,59.49223137,,14.90137959
2010,,,,,,,,,0.129100168,0.072250861,45206818.21,,39326.90412,,,84.55747507,,14.00516033
2015,,,,,,,,,0.133987972,0.08037646,47581222.19,,40223.11157,,,,,14.16322041